,sku_id,on_hand_units,on_order_units,lead_time_days,reorder_point,expected_weekly_demand,category,list_price,demand_over_lead_time,total_available,stockout_risk,demand_next_8weeks,overstock_risk,risk_zone,stockout_value_at_risk,overstock_value_at_risk
0,SKU0001,232,1,24,44,31.25,Furniture,289.67,107.14285714285714,233,0.0,250.0,0.0,Healthy,0.0,0.0
1,SKU0002,113,25,24,53,5.375,Decor,338.84,18.428571428571427,138,0.0,43.0,0.6194690265486725,Markdown / Clear,0.0,38288.92
2,SKU0003,103,0,9,36,33.0,Appliances,129.72,42.42857142857143,103,0.0,264.0,0.0,Healthy,0.0,0.0
3,SKU0004,115,45,26,32,99.0,Furniture,234.82,367.7142857142857,160,0.5648795648795649,792.0,0.0,Reorder Now,23247.18,0.0
4,SKU0005,138,46,24,19,104.75,Appliances,126.11,359.1428571428571,184,0.4876690533015115,838.0,0.0,Healthy,0.0,0.0
5,SKU0006,86,0,18,19,207.5,Furniture,223.09,533.5714285714286,86,0.8388219544846051,1660.0,0.0,Reorder Now,46291.175,0.0
6,SKU0007,199,1,27,57,30.875,Appliances,313.93,119.08928571428572,200,0.0,247.0,0.0,Healthy,0.0,0.0
7,SKU0008,136,46,8,24,5.5,Bedding,105.56,6.285714285714286,182,0.0,44.0,0.6764705882352942,Markdown / Clear,0.0,14356.16
8,SKU0009,106,4,12,32,103.75,Appliances,289.37,177.85714285714286,110,0.3815261044176707,830.0,0.0,Healthy,0.0,0.0
9,SKU0010,104,4,27,38,92.5,Appliances,115.29,356.7857142857143,108,0.6972972972972973,740.0,0.0,Reorder Now,10664.325,0.0
10,SKU0011,54,0,22,42,184.875,Bedding,123.72,581.0357142857142,54,0.9070625115249862,1479.0,0.0,Reorder Now,22872.735,0.0
11,SKU0012,147,0,9,46,4.875,Furniture,164.08,6.267857142857143,147,0.0,39.0,0.7346938775510204,Markdown / Clear,0.0,24119.760000000002
12,SKU0013,105,0,14,48,220.25,Appliances,297.32,440.5,105,0.7616345062429057,1762.0,0.0,Reorder Now,65484.729999999996,0.0
13,SKU0014,148,7,19,49,225.25,Decor,103.87,611.3928571428572,155,0.746480518721888,1802.0,0.0,Reorder Now,23396.717500000002,0.0
14,SKU0015,86,56,19,42,77.375,Appliances,14.23,210.01785714285714,142,0.32386701811070484,619.0,0.0,Healthy,0.0,0.0
15,SKU0016,108,12,7,53,196.875,Furniture,250.63,196.875,120,0.3904761904761905,1575.0,0.0,Healthy,0.0,0.0
16,SKU0017,170,58,23,18,103.375,Appliances,38.85,339.6607142857143,228,0.3287419168287682,827.0,0.0,Healthy,0.0,0.0
17,SKU0018,55,23,12,25,97.5,Appliances,152.36,167.14285714285714,78,0.5333333333333333,780.0,0.0,Reorder Now,14855.100000000002,0.0
18,SKU0019,192,2,14,17,78.625,Furniture,176.6,157.25,194,0.0,629.0,0.0,Healthy,0.0,0.0
19,SKU0020,28,0,27,31,253.25,Appliances,18.22,976.8214285714286,28,0.9713356001608716,2026.0,0.0,Reorder Now,4614.215,0.0
20,SKU0021,94,37,10,23,219.875,Bedding,216.38,314.1071428571429,131,0.5829448550312678,1759.0,0.0,Reorder Now,47576.5525,0.0
21,SKU0022,176,3,25,43,83.25,Decor,80.26,297.3214285714286,179,0.397957957957958,666.0,0.0,Healthy,0.0,0.0
22,SKU0023,172,0,29,54,257.125,Decor,260.74,1065.232142857143,172,0.8385328483060366,2057.0,0.0,Reorder Now,67042.7725,0.0
23,SKU0024,2,4,7,26,27.125,Appliances,196.89,27.125,6,0.7788018433179723,217.0,0.0,Reorder Now,5340.64125,0.0
24,SKU0025,105,0,18,29,80.5,Decor,214.46,207.00000000000003,105,0.4927536231884059,644.0,0.0,Healthy,0.0,0.0
25,SKU0026,43,0,9,15,106.25,Furniture,122.9,136.60714285714286,43,0.6852287581699347,850.0,0.0,Reorder Now,13058.125,0.0
26,SKU0027,157,40,18,30,110.25,Decor,106.15,283.5,197,0.30511463844797176,882.0,0.0,Healthy,0.0,0.0
27,SKU0028,124,0,18,43,86.25,Decor,86.49,221.7857142857143,124,0.440901771336554,690.0,0.0,Healthy,0.0,0.0
28,SKU0029,124,46,28,47,240.5,Decor,306.25,962.0,170,0.8232848232848233,1924.0,0.0,Reorder Now,73653.125,0.0
29,SKU0030,57,22,27,52,265.375,Bedding,339.74,1023.5892857142858,79,0.9228206067584306,2123.0,0.0,Reorder Now,90158.5025,0.0
30,SKU0031,39,9,12,52,2.875,Decor,67.42,4.928571428571428,48,0.0,23.0,0.41025641025641024,Healthy,0.0,0.0
31,SKU0032,54,56,8,17,235.875,Decor,116.79,269.57142857142856,110,0.5919448860625331,1887.0,0.0,Reorder Now,27547.84125,0.0
32,SKU0033,97,0,21,45,75.5,Appliances,74.37,226.5,97,0.5717439293598234,604.0,0.0,Reorder Now,5614.935,0.0
33,SKU0034,117,0,20,57,79.875,Appliances,209.73,228.21428571428572,117,0.48732394366197185,639.0,0.0,Healthy,0.0,0.0
34,SKU0035,191,53,22,45,108.375,Decor,148.98,340.60714285714283,244,0.28363216944531816,867.0,0.0,Healthy,0.0,0.0
35,SKU0035,191,53,22,45,108.375,Decor,148.98,340.60714285714283,244,0.28363216944531816,867.0,0.0,Healthy,0.0,0.0
36,SKU0036,106,3,17,40,83.625,Appliances,21.98,203.0892857142857,109,0.46329024883495995,669.0,0.0,Healthy,0.0,0.0
37,SKU0037,60,36,11,26,33.125,Furniture,42.08,52.05357142857143,96,0.0,265.0,0.0,Healthy,0.0,0.0
38,SKU0038,138,6,16,18,21.625,Furniture,291.81,49.42857142857142,144,0.0,173.0,0.0,Healthy,0.0,0.0
39,SKU0039,114,0,18,57,98.0,Decor,21.19,252.00000000000003,114,0.5476190476190477,784.0,0.0,Reorder Now,2076.6200000000003,0.0
40,SKU0040,70,21,21,47,86.25,Appliances,177.66,258.75,91,0.6483091787439613,690.0,0.0,Reorder Now,15323.175,0.0
41,SKU0041,151,0,13,53,93.875,Decor,294.09,174.33928571428572,151,0.13387278500460928,751.0,0.0,Healthy,0.0,0.0
42,SKU0041,151,0,13,53,93.875,Decor,294.09,174.33928571428572,151,0.13387278500460928,751.0,0.0,Healthy,0.0,0.0
43,SKU0042,101,25,23,43,90.25,Decor,78.59,296.5357142857143,126,0.5750933397567144,722.0,0.0,Reorder Now,7092.7475,0.0
44,SKU0043,150,50,15,18,25.625,Appliances,19.44,54.910714285714285,200,0.0,205.0,0.0,Healthy,0.0,0.0
45,SKU0044,50,4,22,31,92.0,Decor,52.32,289.1428571428571,54,0.8132411067193676,736.0,0.0,Reorder Now,4813.44,0.0
46,SKU0045,132,42,7,51,112.875,Decor,100.32,112.875,174,0.0,903.0,0.0,Healthy,0.0,0.0
47,SKU0046,194,7,9,56,5.75,Appliances,178.09,7.392857142857143,201,0.0,46.0,0.7628865979381443,Markdown / Clear,0.0,34549.46
48,SKU0047,63,35,24,39,245.0,Appliances,21.53,840.0,98,0.8833333333333333,1960.0,0.0,Reorder Now,5274.85,0.0
49,SKU0048,176,0,13,55,99.875,Furniture,297.0,185.48214285714286,176,0.051121594300568035,799.0,0.0,Healthy,0.0,0.0
50,SKU0049,192,52,7,47,29.5,Bedding,95.21,29.5,244,0.0,236.0,0.0,Healthy,0.0,0.0
51,SKU0050,95,0,24,47,86.75,Bedding,224.82,297.4285714285714,95,0.68059558117195,694.0,0.0,Reorder Now,19503.135,0.0
52,SKU0051,122,4,7,31,209.125,Appliances,367.76,209.125,126,0.39748953974895396,1673.0,0.0,Healthy,0.0,0.0
53,SKU0052,150,36,9,53,230.5,Decor,331.66,296.3571428571429,186,0.3723788864786696,1844.0,0.0,Healthy,0.0,0.0
54,SKU0053,152,52,12,40,5.0,Furniture,256.57,8.571428571428571,204,0.0,40.0,0.7368421052631579,Markdown / Clear,0.0,38998.64
55,SKU0054,140,58,13,33,241.5,Decor,42.94,448.5,198,0.5585284280936454,1932.0,0.0,Reorder Now,10370.01,0.0
56,SKU0055,106,57,12,33,96.25,Decor,61.8,165.0,163,0.012121212121212121,770.0,0.0,Healthy,0.0,0.0
57,SKU0056,99,44,11,44,246.0,Bedding,43.98,386.57142857142856,143,0.6300813008130081,1968.0,0.0,Reorder Now,10819.08,0.0
58,SKU0057,223,1,11,59,196.125,Decor,59.34,308.19642857142856,224,0.27319079900341847,1569.0,0.0,Healthy,0.0,0.0
59,SKU0058,147,0,22,53,28.375,Bedding,291.95,89.17857142857143,147,0.0,227.0,0.0,Healthy,0.0,0.0
60,SKU0059,158,52,22,51,84.375,Decor,59.68,265.17857142857144,210,0.20808080808080812,675.0,0.0,Healthy,0.0,0.0
61,SKU0059,158,52,22,51,84.375,Decor,59.68,265.17857142857144,210,0.20808080808080812,675.0,0.0,Healthy,0.0,0.0
62,SKU0060,259,58,27,42,86.625,Furniture,45.51,334.125,317,0.0512532734754957,693.0,0.0,Healthy,0.0,0.0
63,SKU0061,170,4,27,20,97.5,Bedding,80.34,376.07142857142856,174,0.5373219373219373,780.0,0.0,Reorder Now,7833.150000000001,0.0
64,SKU0062,93,27,10,37,34.0,Appliances,174.65,48.57142857142857,120,0.0,272.0,0.0,Healthy,0.0,0.0
65,SKU0063,64,0,13,43,222.625,Decor,110.34,413.4464285714286,64,0.8452036453159418,1781.0,0.0,Reorder Now,24564.4425,0.0
66,SKU0064,180,5,24,38,3.375,Bedding,257.53,11.571428571428571,185,0.0,27.0,0.85,Markdown / Clear,0.0,46355.399999999994
67,SKU0065,46,0,7,33,22.5,Appliances,17.77,22.5,46,0.0,180.0,0.0,Healthy,0.0,0.0
68,SKU0066,83,16,7,42,84.0,Bedding,31.93,84.0,99,0.0,672.0,0.0,Healthy,0.0,0.0
69,SKU0067,88,5,29,17,27.75,Appliances,230.37,114.96428571428572,93,0.19105312208760492,222.0,0.0,Healthy,0.0,0.0
70,SKU0068,73,22,19,43,3.875,Bedding,170.41,10.517857142857144,95,0.0,31.0,0.5753424657534246,Markdown / Clear,0.0,12439.93
71,SKU0069,92,31,14,40,107.125,Bedding,295.16,214.25,123,0.425904317386231,857.0,0.0,Healthy,0.0,0.0
72,SKU0070,108,6,11,57,3.5,Furniture,174.35,5.5,114,0.0,28.0,0.7407407407407407,Markdown / Clear,0.0,18829.8
73,SKU0071,94,8,29,30,98.125,Bedding,119.85,406.51785714285717,102,0.7490885130683066,785.0,0.0,Reorder Now,11760.28125,0.0
74,SKU0072,226,52,21,41,25.25,Appliances,242.95,75.75,278,0.0,202.0,0.10619469026548672,Healthy,0.0,0.0
75,SKU0073,81,34,26,36,4.375,Decor,90.25,16.25,115,0.0,35.0,0.5679012345679012,Markdown / Clear,0.0,7310.25
76,SKU0074,162,12,27,23,103.625,Furniture,30.0,399.69642857142856,174,0.5646696153330653,829.0,0.0,Reorder Now,3108.75,0.0
77,SKU0075,42,7,9,26,24.625,Decor,220.81,31.66071428571429,49,0.0,197.0,0.0,Healthy,0.0,0.0
78,SKU0076,38,7,10,18,82.75,Furniture,221.48,118.21428571428572,45,0.6193353474320242,662.0,0.0,Reorder Now,18327.469999999998,0.0
79,SKU0077,196,58,18,20,31.375,Furniture,31.0,80.67857142857143,254,0.0,251.0,0.0,Healthy,0.0,0.0
80,SKU0078,46,1,21,28,32.75,Furniture,44.39,98.25,47,0.5216284987277354,262.0,0.0,Reorder Now,1453.7725,0.0
81,SKU0079,123,57,19,23,101.375,Decor,110.6,275.1607142857143,180,0.34583684859497693,811.0,0.0,Healthy,0.0,0.0
82,SKU0080,78,11,19,34,99.125,Appliances,319.33,269.05357142857144,89,0.6692108581668548,793.0,0.0,Reorder Now,31653.586249999997,0.0
83,SKU0081,174,0,29,15,105.875,Appliances,66.83,438.62500000000006,174,0.603305785123967,847.0,0.0,Reorder Now,7075.62625,0.0
84,SKU0082,168,2,26,51,191.625,Furniture,95.37,711.75,170,0.7611520899192132,1533.0,0.0,Reorder Now,18275.276250000003,0.0
85,SKU0083,184,5,17,28,259.75,Furniture,47.38,630.8214285714286,189,0.7003906471154391,2078.0,0.0,Reorder Now,12306.955,0.0
86,SKU0084,98,10,23,34,98.625,Appliances,211.28,324.0535714285714,108,0.666721772193751,789.0,0.0,Reorder Now,20837.49,0.0
87,SKU0085,130,48,11,41,237.625,Bedding,347.37,373.4107142857143,178,0.5233130888049352,1901.0,0.0,Reorder Now,82543.79625,0.0
88,SKU0086,84,0,13,29,114.5,Bedding,229.18,212.64285714285714,84,0.6049714477662076,916.0,0.0,Reorder Now,26241.11,0.0
89,SKU0087,139,2,14,55,28.5,Appliances,193.26,57.0,141,0.0,228.0,0.0,Healthy,0.0,0.0
90,SKU0088,94,36,12,23,28.375,Appliances,131.87,48.64285714285714,130,0.0,227.0,0.0,Healthy,0.0,0.0
91,SKU0089,124,48,29,37,32.5,Furniture,141.17,134.64285714285717,172,0.0,260.0,0.0,Healthy,0.0,0.0
92,SKU0090,66,7,24,25,97.0,Furniture,107.23,332.57142857142856,73,0.7804982817869416,776.0,0.0,Reorder Now,10401.31,0.0
93,SKU0091,180,60,19,29,6.25,Appliances,183.41,16.964285714285715,240,0.0,50.0,0.7222222222222222,Markdown / Clear,0.0,33013.8
94,SKU0092,95,6,12,53,108.375,Decor,272.58,185.78571428571428,101,0.45636293733179545,867.0,0.0,Healthy,0.0,0.0
95,SKU0093,129,0,9,59,193.5,Bedding,279.52,248.7857142857143,129,0.4814814814814815,1548.0,0.0,Healthy,0.0,0.0
96,SKU0094,110,0,7,25,210.25,Appliances,177.6,210.25,110,0.4768133174791914,1682.0,0.0,Healthy,0.0,0.0
97,SKU0095,131,0,10,57,27.875,Furniture,76.73,39.82142857142857,131,0.0,223.0,0.0,Healthy,0.0,0.0
98,SKU0096,146,3,16,58,112.375,Appliances,51.61,256.85714285714283,149,0.4199110122358175,899.0,0.0,Healthy,0.0,0.0
99,SKU0097,90,6,7,26,92.25,Appliances,43.52,92.25,96,0.0,738.0,0.0,Healthy,0.0,0.0
100,SKU0098,99,5,12,23,5.25,Appliances,340.09,9.0,104,0.0,42.0,0.5757575757575758,Markdown / Clear,0.0,33668.909999999996
101,SKU0099,21,6,24,46,205.625,Decor,304.96,705.0,27,0.9617021276595744,1645.0,0.0,Reorder Now,62707.399999999994,0.0
102,SKU0100,109,30,20,41,279.375,Bedding,137.11,798.2142857142858,139,0.8258612975391499,2235.0,0.0,Reorder Now,38305.106250000004,0.0
103,SKU0101,24,7,15,15,2.75,Appliances,181.39,5.892857142857142,31,0.0,22.0,0.08333333333333333,Healthy,0.0,0.0
104,SKU0102,68,30,13,42,104.25,Furniture,187.14,193.60714285714286,98,0.49382032835270245,834.0,0.0,Healthy,0.0,0.0
105,SKU0103,261,59,23,47,216.875,Bedding,231.46,712.5892857142857,320,0.5509334669840872,1735.0,0.0,Reorder Now,50197.887500000004,0.0
106,SKU0104,126,13,19,16,5.75,Decor,33.09,15.607142857142858,139,0.0,46.0,0.6349206349206349,Markdown / Clear,0.0,4169.34
107,SKU0105,113,35,9,56,4.875,Decor,258.66,6.267857142857143,148,0.0,39.0,0.6548672566371682,Markdown / Clear,0.0,29228.58
108,SKU0106,152,53,8,44,70.75,Decor,313.13,80.85714285714285,205,0.0,566.0,0.0,Healthy,0.0,0.0
109,SKU0107,70,3,17,52,32.5,Appliances,80.39,78.92857142857142,73,0.07511312217194556,260.0,0.0,Healthy,0.0,0.0
110,SKU0108,250,61,17,32,85.875,Decor,270.99,208.55357142857142,311,0.0,687.0,0.0,Healthy,0.0,0.0
111,SKU0109,88,41,18,44,206.5,Appliances,214.94,531.0,129,0.7570621468926554,1652.0,0.0,Reorder Now,44385.11,0.0
112,SKU0110,69,0,16,49,105.75,Appliances,137.97,241.7142857142857,69,0.7145390070921985,846.0,0.0,Reorder Now,14590.3275,0.0
113,SKU0111,88,0,12,30,111.0,Appliances,220.41,190.28571428571428,88,0.5375375375375375,888.0,0.0,Reorder Now,24465.51,0.0
114,SKU0112,66,47,21,58,29.0,Appliances,150.58,87.0,113,0.0,232.0,0.0,Healthy,0.0,0.0
115,SKU0113,154,5,20,34,25.5,Decor,13.19,72.85714285714286,159,0.0,204.0,0.0,Healthy,0.0,0.0
116,SKU0114,16,0,19,30,222.875,Appliances,93.28,604.9464285714286,16,0.9735513770404699,1783.0,0.0,Reorder Now,20789.78,0.0
117,SKU0115,128,7,25,21,78.0,Decor,322.98,278.5714285714286,135,0.5153846153846154,624.0,0.0,Reorder Now,25192.440000000002,0.0
118,SKU0116,133,10,7,30,91.0,Decor,367.2,91.0,143,0.0,728.0,0.0,Healthy,0.0,0.0
119,SKU0117,156,6,29,15,4.75,Appliances,53.1,19.67857142857143,162,0.0,38.0,0.7564102564102564,Markdown / Clear,0.0,8283.6
120,SKU0118,121,7,18,50,80.375,Bedding,149.75,206.67857142857144,128,0.3806808363573527,643.0,0.0,Healthy,0.0,0.0
121,SKU0119,89,0,28,30,23.375,Appliances,62.74,93.5,89,0.0481283422459893,187.0,0.0,Healthy,0.0,0.0
122,SKU0120,90,12,10,20,98.625,Furniture,84.11,140.89285714285714,102,0.27604562737642585,789.0,0.0,Healthy,0.0,0.0
123,SKU0121,153,52,16,18,87.875,Decor,8.46,200.85714285714283,205,0.0,703.0,0.0,Healthy,0.0,0.0
124,SKU0122,123,36,27,32,31.0,Furniture,204.39,119.57142857142857,159,0.0,248.0,0.0,Healthy,0.0,0.0
125,SKU0123,134,0,8,30,27.375,Decor,304.47,31.285714285714285,134,0.0,219.0,0.0,Healthy,0.0,0.0
126,SKU0124,172,55,7,27,86.375,Furniture,255.54,86.375,227,0.0,691.0,0.0,Healthy,0.0,0.0
127,SKU0125,175,0,15,23,30.875,Decor,46.35,66.16071428571428,175,0.0,247.0,0.0,Healthy,0.0,0.0
128,SKU0126,106,38,12,59,4.25,Furniture,233.3,7.285714285714286,144,0.0,34.0,0.6792452830188679,Markdown / Clear,0.0,24729.800000000003
129,SKU0127,230,53,20,49,86.5,Decor,56.9,247.14285714285714,283,0.0,692.0,0.0,Healthy,0.0,0.0
130,SKU0128,72,0,16,48,76.625,Appliances,313.95,175.14285714285714,72,0.5889070146818923,613.0,0.0,Reorder Now,24056.41875,0.0
131,SKU0129,79,36,19,19,247.625,Appliances,27.42,672.125,115,0.8289008740933607,1981.0,0.0,Reorder Now,6789.8775000000005,0.0
132,SKU0130,112,55,9,19,25.125,Appliances,45.45,32.30357142857143,167,0.0,201.0,0.0,Healthy,0.0,0.0
133,SKU0131,175,0,15,58,79.75,Bedding,167.35,170.89285714285714,175,0.0,638.0,0.0,Healthy,0.0,0.0
134,SKU0132,82,30,8,41,104.25,Bedding,138.53,119.14285714285714,112,0.059952038369304524,834.0,0.0,Healthy,0.0,0.0
135,SKU0133,92,6,18,38,263.625,Furniture,198.91,677.8928571428572,98,0.8554343817501713,2109.0,0.0,Reorder Now,52437.64875,0.0
136,SKU0134,156,49,18,18,3.0,Decor,223.13,7.714285714285715,205,0.0,24.0,0.8461538461538461,Markdown / Clear,0.0,34808.28
137,SKU0135,182,2,28,59,78.5,Decor,113.8,314.0,184,0.4140127388535032,628.0,0.0,Healthy,0.0,0.0
138,SKU0136,93,24,25,45,34.875,Decor,80.02,124.55357142857143,117,0.060645161290322595,279.0,0.0,Healthy,0.0,0.0
139,SKU0137,114,46,28,28,253.0,Appliances,183.77,1012.0,160,0.841897233201581,2024.0,0.0,Reorder Now,46493.810000000005,0.0
140,SKU0138,185,4,15,57,4.75,Appliances,76.99,10.178571428571429,189,0.0,38.0,0.7945945945945946,Markdown / Clear,0.0,14243.15
141,SKU0139,11,4,21,21,102.0,Appliances,129.3,306.0,15,0.9509803921568627,816.0,0.0,Reorder Now,13188.6,0.0
142,SKU0140,67,2,29,16,111.125,Furniture,182.97,460.37500000000006,69,0.8501221830029867,889.0,0.0,Reorder Now,20332.54125,0.0
143,SKU0141,106,30,7,15,4.25,Appliances,177.23,4.25,136,0.0,34.0,0.6792452830188679,Markdown / Clear,0.0,18786.379999999997
144,SKU0142,46,30,18,21,4.0,Appliances,162.3,10.285714285714286,76,0.0,32.0,0.30434782608695654,Healthy,0.0,0.0
145,SKU0143,106,57,7,43,94.5,Appliances,181.24,94.5,163,0.0,756.0,0.0,Healthy,0.0,0.0
146,SKU0144,150,8,14,43,83.125,Decor,277.7,166.25,158,0.04962406015037594,665.0,0.0,Healthy,0.0,0.0
147,SKU0145,162,0,23,45,23.0,Appliances,121.69,75.57142857142857,162,0.0,184.0,0.0,Healthy,0.0,0.0
148,SKU0146,68,0,17,45,4.75,Bedding,32.41,11.535714285714285,68,0.0,38.0,0.4411764705882353,Healthy,0.0,0.0
149,SKU0147,106,54,9,51,78.125,Bedding,82.29,100.44642857142858,160,0.0,625.0,0.0,Healthy,0.0,0.0
150,SKU0148,88,0,17,30,80.25,Furniture,115.73,194.89285714285714,88,0.5484698552318124,642.0,0.0,Reorder Now,9287.3325,0.0
151,SKU0149,215,0,9,50,31.625,Bedding,238.6,40.66071428571429,215,0.0,253.0,0.0,Healthy,0.0,0.0
152,SKU0150,162,52,11,15,26.5,Bedding,142.2,41.64285714285714,214,0.0,212.0,0.0,Healthy,0.0,0.0
153,SKU0151,90,5,11,57,24.125,Appliances,347.44,37.910714285714285,95,0.0,193.0,0.0,Healthy,0.0,0.0
154,SKU0152,28,0,24,17,84.75,Bedding,235.23,290.57142857142856,28,0.9036381514257621,678.0,0.0,Reorder Now,19935.7425,0.0
155,SKU0153,140,0,12,42,235.5,Bedding,10.83,403.71428571428567,140,0.6532200990799717,1884.0,0.0,Reorder Now,2550.465,0.0
156,SKU0154,79,44,28,28,5.125,Appliances,45.96,20.5,123,0.0,41.0,0.4810126582278481,Healthy,0.0,0.0
157,SKU0155,86,0,18,34,6.125,Decor,206.08,15.750000000000002,86,0.0,49.0,0.43023255813953487,Healthy,0.0,0.0
158,SKU0156,146,47,22,17,31.125,Bedding,49.47,97.82142857142857,193,0.0,249.0,0.0,Healthy,0.0,0.0
159,SKU0157,100,48,22,53,250.0,Bedding,219.94,785.7142857142857,148,0.8116363636363636,2000.0,0.0,Reorder Now,54985.0,0.0
160,SKU0158,112,6,20,19,97.375,Furniture,43.42,278.2142857142857,118,0.5758664955070604,779.0,0.0,Reorder Now,4228.0225,0.0
161,SKU0159,96,38,20,30,24.125,Furniture,67.85,68.92857142857143,134,0.0,193.0,0.0,Healthy,0.0,0.0
162,SKU0160,108,0,15,19,238.625,Furniture,179.34,511.3392857142857,108,0.7887899423782085,1909.0,0.0,Reorder Now,42795.0075,0.0
163,SKU0161,111,0,12,44,6.25,Furniture,275.66,10.714285714285714,111,0.0,50.0,0.5495495495495496,Markdown / Clear,0.0,30598.260000000002
164,SKU0162,68,34,25,31,75.625,Furniture,236.6,270.0892857142857,102,0.6223471074380166,605.0,0.0,Reorder Now,17892.875,0.0
165,SKU0163,46,33,20,15,30.75,Appliances,150.33,87.85714285714286,79,0.10081300813008134,246.0,0.0,Healthy,0.0,0.0
166,SKU0164,137,56,24,26,4.5,Decor,174.11,15.428571428571427,193,0.0,36.0,0.7372262773722628,Markdown / Clear,0.0,23853.070000000003
167,SKU0165,194,66,23,15,76.125,Appliances,288.09,250.125,260,0.0,609.0,0.0,Healthy,0.0,0.0
168,SKU0166,72,0,26,43,99.625,Appliances,108.7,370.0357142857143,72,0.8054241868545507,797.0,0.0,Reorder Now,10829.237500000001,0.0
169,SKU0167,76,2,14,33,32.75,Bedding,157.03,65.5,78,0.0,262.0,0.0,Healthy,0.0,0.0
170,SKU0168,95,0,8,40,85.625,Furniture,55.54,97.85714285714285,95,0.0291970802919707,685.0,0.0,Healthy,0.0,0.0
171,SKU0169,53,7,24,19,103.0,Decor,270.29,353.1428571428571,60,0.8300970873786407,824.0,0.0,Reorder Now,27839.870000000003,0.0
172,SKU0170,144,61,25,27,29.875,Furniture,129.3,106.69642857142858,205,0.0,239.0,0.0,Healthy,0.0,0.0
173,SKU0171,118,3,24,24,5.625,Decor,249.82,19.285714285714285,121,0.0,45.0,0.6186440677966102,Markdown / Clear,0.0,29478.76
174,SKU0172,68,26,19,36,92.125,Appliances,171.77,250.05357142857144,94,0.6240805541669643,737.0,0.0,Reorder Now,15824.31125,0.0
175,SKU0173,85,30,15,30,102.625,Appliances,338.3,219.91071428571428,115,0.4770604953308973,821.0,0.0,Healthy,0.0,0.0
176,SKU0174,92,2,11,55,96.625,Appliances,49.11,151.83928571428572,94,0.3809243796307186,773.0,0.0,Healthy,0.0,0.0
177,SKU0175,150,42,23,43,93.125,Bedding,255.97,305.98214285714283,192,0.3725124015173621,745.0,0.0,Healthy,0.0,0.0
178,SKU0176,36,0,10,15,274.125,Appliances,106.7,391.6071428571429,36,0.9080711354309166,2193.0,0.0,Reorder Now,29249.1375,0.0
179,SKU0177,214,60,29,36,92.75,Bedding,33.27,384.25000000000006,274,0.28692257644762537,742.0,0.0,Healthy,0.0,0.0
180,SKU0178,236,60,10,18,24.625,Decor,196.31,35.17857142857143,296,0.0,197.0,0.1652542372881356,Healthy,0.0,0.0
181,SKU0179,96,12,27,40,83.0,Bedding,152.15,320.14285714285717,108,0.6626506024096386,664.0,0.0,Reorder Now,12628.45,0.0
182,SKU0180,78,0,21,23,5.125,Bedding,202.09,15.375,78,0.0,41.0,0.47435897435897434,Healthy,0.0,0.0
183,SKU0181,97,58,12,18,108.625,Decor,19.14,186.2142857142857,155,0.16762562332182576,869.0,0.0,Healthy,0.0,0.0
184,SKU0182,104,43,18,33,208.25,Bedding,46.09,535.5,147,0.7254901960784313,1666.0,0.0,Reorder Now,9598.2425,0.0
185,SKU0183,107,67,23,20,27.375,Bedding,298.47,89.94642857142857,174,0.0,219.0,0.0,Healthy,0.0,0.0
186,SKU0184,151,41,13,36,5.625,Bedding,20.35,10.446428571428571,192,0.0,45.0,0.7019867549668874,Markdown / Clear,0.0,3072.8500000000004
187,SKU0185,95,40,17,35,82.75,Furniture,11.4,200.9642857142857,135,0.32823884840945433,662.0,0.0,Healthy,0.0,0.0
188,SKU0186,114,0,27,44,103.5,Bedding,17.48,399.2142857142857,114,0.7144390767579173,828.0,0.0,Reorder Now,1809.18,0.0
189,SKU0187,176,14,10,36,110.625,Appliances,95.62,158.03571428571428,190,0.0,885.0,0.0,Healthy,0.0,0.0
190,SKU0188,124,5,25,29,110.875,Appliances,226.4,395.9821428571429,129,0.6742277339346111,887.0,0.0,Reorder Now,25102.100000000002,0.0
191,SKU0189,173,56,19,36,99.625,Appliances,110.5,270.4107142857143,229,0.15314006471637057,797.0,0.0,Healthy,0.0,0.0
192,SKU0190,71,28,26,40,85.0,Decor,31.32,315.7142857142857,99,0.6864253393665158,680.0,0.0,Reorder Now,2662.2,0.0
193,SKU0191,59,2,12,55,212.375,Decor,263.03,364.07142857142856,61,0.8324504610555229,1699.0,0.0,Reorder Now,55860.99625,0.0
194,SKU0192,154,48,19,56,74.125,Bedding,51.91,201.19642857142858,202,0.0,593.0,0.0,Healthy,0.0,0.0
195,SKU0193,86,43,18,39,5.625,Furniture,170.83,14.464285714285715,129,0.0,45.0,0.47674418604651164,Healthy,0.0,0.0
196,SKU0194,78,35,7,24,30.625,Appliances,120.29,30.625,113,0.0,245.0,0.0,Healthy,0.0,0.0
197,SKU0195,142,21,10,50,107.125,Furniture,48.73,153.03571428571428,163,0.0,857.0,0.0,Healthy,0.0,0.0
198,SKU0196,80,46,24,40,228.875,Furniture,175.78,784.7142857142857,126,0.8394320043691972,1831.0,0.0,Reorder Now,40231.6475,0.0
199,SKU0197,79,5,27,21,99.5,Decor,233.65,383.7857142857143,84,0.7811278615298716,796.0,0.0,Reorder Now,23248.175,0.0
200,SKU0198,54,24,9,34,109.5,Bedding,227.19,140.7857142857143,78,0.44596651445966523,876.0,0.0,Healthy,0.0,0.0
201,SKU0199,187,0,29,16,25.5,Appliances,187.34,105.64285714285715,187,0.0,204.0,0.0,Healthy,0.0,0.0
202,SKU0200,92,14,20,24,3.25,Bedding,175.49,9.285714285714286,106,0.0,26.0,0.717391304347826,Markdown / Clear,0.0,16145.080000000002
