sku_id,category,subcategory,launch_date,unit_cost,list_price
SKU0001,Furniture,Sofas,2025-04-03,129.5,289.67
SKU0002,Decor,Wall Art,2024-03-06,146.47,338.84
SKU0003,Appliances,Climate,2024-12-25,70.31,129.72
SKU0004,Furniture,Chairs,2025-10-10,98.36,234.82
SKU0005,Appliances,Cleaning,2024-11-11,85.41,126.11
SKU0006,Furniture,Sofas,2025-08-02,96.59,223.09
SKU0007,Appliances,Cleaning,2024-02-17,134.5,313.93
SKU0008,Bedding,Comforters,2024-05-16,72.67,105.56
SKU0009,Appliances,Kitchen,2025-06-04,112.99,289.37
SKU0010,Appliances,Cleaning,2024-08-16,58.72,115.29
SKU0011,Bedding,Sheets,2024-11-20,73.98,123.72
SKU0012,Furniture,Shelving,2025-04-13,68.39,164.08
SKU0013,Appliances,Climate,2024-03-09,125.68,297.32
SKU0014,Decor,Candles,2024-09-28,46.81,103.87
SKU0015,Appliances,Kitchen,2025-08-05,6.07,14.23
SKU0016,Furniture,Sofas,2025-04-10,107.25,250.63
SKU0017,Appliances,Cleaning,2024-12-19,25.27,38.85
SKU0018,Appliances,Cleaning,2025-04-12,73.31,152.36
SKU0019,Furniture,Sofas,2025-02-06,85.27,176.6
SKU0020,Appliances,Climate,2024-07-31,9.47,18.22
SKU0021,Bedding,Sheets,2024-07-12,128.74,216.38
SKU0022,Decor,Candles,2024-02-10,45.8,80.26
SKU0023,Decor,Vases,2024-03-29,118.67,260.74
SKU0024,Appliances,Cleaning,2024-10-11,123.03,196.89
SKU0025,Decor,Wall Art,2024-03-15,109.74,214.46
SKU0026,Furniture,Shelving,2024-04-22,77.65,122.9
SKU0027,Decor,Vases,2024-12-12,60.25,106.15
SKU0028,Decor,Vases,2025-03-17,57.46,86.49
SKU0029,Decor,Wall Art,2024-08-25,136.74,306.25
SKU0030,Bedding,Pillows,2024-07-05,145.53,339.74
SKU0031,decor,Vases,2025-07-06,44.48,67.42
SKU0032,Decor,Rugs,2025-09-23,71.09,116.79
SKU0033,Appliances,Kitchen,2025-07-20,30.63,74.37
SKU0034,Appliances,Kitchen,2025-06-14,109.32,209.73
SKU0035,decor,Vases,2024-04-08,99.23,148.98
SKU0036,Appliances,Climate,2024-10-18,11.03,21.98
SKU0037,Furniture,Tables,2025-04-07,19.99,42.08
SKU0038,Furniture,Sofas,2024-04-29,139.14,291.81
SKU0039,Decor,Rugs,2025-03-04,8.31,21.19
SKU0040,Appliances,Cleaning,2024-12-03,118.5,177.66
SKU0041,Decor,Rugs,2025-04-14,140.98,294.09
SKU0042,Decor,Vases,2024-11-27,43.71,78.59
SKU0043,Appliances,Cleaning,2025-08-17,8.13,19.44
SKU0044,Decor,Wall Art,2025-09-19,25.34,52.32
SKU0045,Decor,Wall Art,2025-04-11,45.78,100.32
SKU0046,Appliances,Climate,2025-05-23,116.45,178.09
SKU0047,appliances,Climate,2025-11-13,10.42,21.53
SKU0048,Furniture,Shelving,2024-09-16,125.32,297.0
SKU0049,Bedding,Sheets,2024-05-21,47.18,95.21
SKU0050,Bedding,Comforters,2024-06-28,140.73,224.82
SKU0051,Appliances,Kitchen,2024-07-28,148.89,367.76
SKU0052,Decor,Wall Art,2025-06-08,134.16,331.66
SKU0053,Furniture,Shelving,2024-11-24,116.94,256.57
SKU0054,Decor,Rugs,2024-09-18,18.7,42.94
SKU0055,Decor,Rugs,2024-01-04,39.94,61.8
SKU0056,Bedding,Sheets,2025-08-04,27.23,43.98
SKU0057,Decor,Vases,2025-05-18,33.48,59.34
SKU0058,Bedding,Comforters,2025-06-28,145.91,291.95
SKU0059,decor,Wall Art,2025-10-16,38.3,59.68
SKU0060,Furniture,Chairs,2025-04-19,22.67,45.51
SKU0061,Bedding,Comforters,2025-06-20,33.97,80.34
SKU0062,Appliances,Kitchen,2025-05-15,112.15,174.65
SKU0063,Decor,Wall Art,2025-02-01,62.65,110.34
SKU0064,bedding,Sheets,2024-12-08,101.12,257.53
SKU0065,Appliances,Kitchen,2025-11-03,8.6,17.77
SKU0066,Bedding,Sheets,2025-03-19,20.36,31.93
SKU0067,Appliances,Cleaning,2024-01-05,91.43,230.37
SKU0068,Bedding,Comforters,2025-07-17,72.77,170.41
SKU0069,Bedding,Sheets,2025-04-09,125.27,295.16
SKU0070,furniture,Tables,2024-06-11,81.96,174.35
SKU0071,Bedding,Comforters,2025-06-11,64.82,119.85
SKU0072,Appliances,Climate,2024-10-25,99.53,242.95
SKU0073,Decor,Rugs,2025-01-06,39.32,90.25
SKU0074,Furniture,Sofas,2025-07-25,20.27,30.0
SKU0075,Decor,Vases,2024-09-07,124.58,220.81
SKU0076,Furniture,Sofas,2024-04-10,138.54,221.48
SKU0077,Furniture,Tables,2025-02-08,21.75,31.0
SKU0078,Furniture,Shelving,2024-02-08,30.32,44.39
SKU0079,Decor,Vases,2024-12-27,62.08,110.6
SKU0080,Appliances,Climate,2024-12-19,131.88,319.33
SKU0081,Appliances,Kitchen,2024-12-11,39.33,66.83
SKU0082,Furniture,Shelving,2025-02-03,65.36,95.37
SKU0083,Furniture,Tables,2025-10-10,19.74,47.38
SKU0084,Appliances,Kitchen,2024-02-06,139.1,211.28
SKU0085,Bedding,Comforters,2025-07-14,147.04,347.37
SKU0086,Bedding,Pillows,2025-06-29,98.16,229.18
SKU0087,Appliances,Kitchen,2025-08-01,79.56,193.26
SKU0088,Appliances,Climate,2024-11-19,60.84,131.87
SKU0089,Furniture,Tables,2024-02-12,,141.17
SKU0090,Furniture,Shelving,2024-06-11,58.29,107.23
SKU0091,Appliances,Kitchen,2024-10-30,104.43,183.41
SKU0092,Decor,Candles,2025-10-26,137.87,272.58
SKU0093,Bedding,Sheets,2024-11-18,128.04,279.52
SKU0094,Appliances,Kitchen,2025-07-17,82.24,177.6
SKU0095,Furniture,Tables,2024-05-03,34.35,76.73
SKU0096,Appliances,Cleaning,2025-08-25,24.15,51.61
SKU0097,Appliances,Kitchen,2025-03-11,,43.52
SKU0098,Appliances,Climate,2024-04-06,144.04,340.09
SKU0099,Decor,Vases,2024-11-07,120.29,304.96
SKU0100,Bedding,Sheets,2024-06-26,90.56,137.11
SKU0101,Appliances,Cleaning,2024-04-27,86.92,181.39
SKU0102,Furniture,Tables,2024-11-22,80.78,187.14
SKU0103,Bedding,Comforters,2024-12-28,91.94,231.46
SKU0104,Decor,Candles,2024-03-24,21.98,33.09
SKU0105,Decor,Vases,2025-05-25,117.28,258.66
SKU0106,Decor,Vases,2024-08-21,135.26,313.13
SKU0107,Appliances,Kitchen,2025-07-10,50.59,80.39
SKU0108,Decor,Candles,2024-04-13,140.74,270.99
SKU0109,Appliances,Cleaning,2024-03-30,85.18,214.94
SKU0110,Appliances,Cleaning,2025-06-30,74.51,137.97
SKU0111,Appliances,Climate,2024-01-04,142.92,220.41
SKU0112,Appliances,Kitchen,2025-08-18,97.38,150.58
SKU0113,Decor,Vases,2024-01-23,6.78,13.19
SKU0114,Appliances,Climate,2025-07-31,47.83,93.28
SKU0115,Decor,Rugs,2024-01-09,138.17,322.98
SKU0116,Decor,Vases,2024-03-18,149.57,367.2
SKU0117,Appliances,Kitchen,2025-06-28,20.43,53.1
SKU0118,Bedding,Sheets,2025-04-10,99.27,149.75
SKU0119,Appliances,Climate,2025-08-27,39.92,62.74
SKU0120,Furniture,Sofas,2025-06-27,33.74,84.11
SKU0121,Decor,Vases,2025-09-28,5.79,8.46
SKU0122,Furniture,Sofas,2025-02-28,121.21,204.39
SKU0123,Decor,Candles,2024-06-20,121.14,304.47
SKU0124,Furniture,Chairs,2025-06-24,106.23,255.54
SKU0125,Decor,Wall Art,2024-11-15,23.11,46.35
SKU0126,Furniture,Shelving,2025-06-05,96.35,233.3
SKU0127,Decor,Wall Art,2025-07-23,,56.9
SKU0128,Appliances,Kitchen,2025-05-11,147.13,313.95
SKU0129,Appliances,Kitchen,2024-02-19,11.14,27.42
SKU0130,Appliances,Cleaning,2025-05-11,30.1,45.45
SKU0131,Bedding,Sheets,2024-09-20,71.49,167.35
SKU0132,Bedding,Sheets,2025-03-21,88.0,138.53
SKU0133,Furniture,Sofas,2025-01-13,88.81,198.91
SKU0134,Decor,Rugs,2025-03-30,141.39,223.13
SKU0135,Decor,Vases,2025-04-28,73.75,113.8
SKU0136,Decor,Candles,2024-04-03,45.32,80.02
SKU0137,Appliances,Cleaning,2025-07-03,97.02,183.77
SKU0138,Appliances,Kitchen,2024-10-13,36.56,76.99
SKU0139,Appliances,Kitchen,2025-10-06,65.67,129.3
SKU0140,Furniture,Chairs,2024-06-06,88.01,182.97
SKU0141,Appliances,Climate,2025-01-17,99.6,177.23
SKU0142,Appliances,Kitchen,2025-07-05,84.63,162.3
SKU0143,Appliances,Cleaning,2025-01-03,79.35,181.24
SKU0144,Decor,Vases,2025-09-12,138.55,277.7
SKU0145,Appliances,Cleaning,2024-07-07,50.6,121.69
SKU0146,Bedding,Pillows,2024-12-11,21.8,32.41
SKU0147,Bedding,Comforters,2025-07-29,45.69,82.29
SKU0148,Furniture,Tables,2024-05-01,50.51,115.73
SKU0149,Bedding,Sheets,2024-11-01,129.2,238.6
SKU0150,Bedding,Comforters,2024-04-17,92.12,142.2
SKU0151,Appliances,Cleaning,2024-12-17,149.34,347.44
SKU0152,Bedding,Pillows,2024-08-05,104.71,235.23
SKU0153,Bedding,Pillows,2025-10-09,6.56,10.83
SKU0154,Appliances,Climate,2025-01-02,28.74,45.96
SKU0155,Decor,Candles,2025-10-06,85.62,206.08
SKU0156,Bedding,Comforters,2025-11-24,,49.47
SKU0157,Bedding,Pillows,2024-08-18,114.52,219.94
SKU0158,Furniture,Tables,2024-11-24,26.85,43.42
SKU0159,Furniture,Sofas,2025-10-20,38.76,67.85
SKU0160,Furniture,Chairs,2024-12-09,90.03,179.34
SKU0161,Furniture,Chairs,2024-07-07,127.32,275.66
SKU0162,Furniture,Shelving,2025-03-30,102.18,236.6
SKU0163,Appliances,Kitchen,2025-05-22,83.23,150.33
SKU0164,Decor,Candles,2025-08-14,74.97,174.11
SKU0165,appliances,Climate,2024-09-15,136.89,288.09
SKU0166,Appliances,Kitchen,2025-08-18,54.39,108.7
SKU0167,Bedding,Pillows,2024-12-27,62.79,157.03
SKU0168,Furniture,Shelving,2025-03-17,30.74,55.54
SKU0169,Decor,Wall Art,2024-06-30,139.48,270.29
SKU0170,Furniture,Tables,2024-08-03,91.78,129.3
SKU0171,Decor,Rugs,2024-04-29,96.9,249.82
SKU0172,Appliances,Climate,2025-03-10,74.24,171.77
SKU0173,Appliances,Climate,2024-12-26,144.67,338.3
SKU0174,Appliances,Cleaning,2025-08-29,,49.11
SKU0175,bedding,Pillows,2025-03-30,99.84,255.97
SKU0176,Appliances,Kitchen,2025-11-20,46.79,106.7
SKU0177,Bedding,Comforters,2025-03-21,22.96,33.27
SKU0178,Decor,Vases,2025-06-28,76.01,196.31
SKU0179,Bedding,Pillows,2024-08-15,64.68,152.15
SKU0180,Bedding,Pillows,2024-02-29,85.54,202.09
SKU0181,Decor,Candles,2024-11-07,10.36,19.14
SKU0182,Bedding,Comforters,2024-02-04,20.85,46.09
SKU0183,Bedding,Comforters,2025-04-04,130.49,298.47
SKU0184,Bedding,Pillows,2025-07-14,12.1,20.35
SKU0185,Furniture,Shelving,2024-06-12,5.65,11.4
SKU0186,Bedding,Sheets,2025-04-19,9.29,17.48
SKU0187,Appliances,Climate,2025-03-03,39.46,95.62
SKU0188,Appliances,Cleaning,2024-08-31,128.73,226.4
SKU0189,Appliances,Cleaning,2024-11-10,44.85,110.5
SKU0190,Decor,Candles,2024-05-11,17.3,31.32
SKU0191,Decor,Vases,2024-10-24,149.82,263.03
SKU0192,Bedding,Comforters,2024-10-12,24.84,51.91
SKU0193,Furniture,Sofas,2025-08-21,91.31,170.83
SKU0194,Appliances,Cleaning,2025-10-02,77.05,120.29
SKU0195,Furniture,Tables,2024-02-27,34.29,48.73
SKU0196,Furniture,Tables,2024-11-13,97.01,175.78
SKU0197,Decor,Rugs,2025-09-13,114.03,233.65
SKU0198,Bedding,Comforters,2024-07-18,135.06,227.19
SKU0199,Appliances,Kitchen,2025-09-15,81.78,187.34
SKU0200,Bedding,Sheets,2025-02-17,99.75,175.49
SKU0059,decor,Wall Art,2025-10-16,38.3,59.68
SKU0041,Decor,Rugs,2025-04-14,140.98,294.09
SKU0035,decor,Vases,2024-04-08,99.23,148.98
